NOMETABELA;ORDEM;NOMECAMPO;CHAVE;OBRIGATORIO;TIPO;DESCRICAO;TABELAORIGEM;FORMATO;REGRAS
DOCUMENTO_DIVERSO;1;DD_Exercicio;SIM;SIM;Caractere(4);Exercício da aplicação/ execução do documento;;"9999" (NRO);REGRA 1: O conteúdo do campo deverá conter um MÊS ou ANO válido, o MÊS ou ANO será validado segundo o critério ">= EXERCÍCIO" (ver regra d).
DOCUMENTO_DIVERSO;2;DD_MesCompetencia;SIM;SIM;Inteiro;Mês de competência;;"99" (NRO);REGRA 1: O conteúdo do campo deverá estar preenchido com "1...13|'20', '21', '22', '23', '24', '99'". REGRA 2: O conteúdo do campo deverá conter um valor de bimestre (de "1" a "6"), de quadrimestre (de "1" a "3") ou de semestre (de "1" a "2") válido quando o conteúdo do campo "TDD_Codigo" for "'107', '108', '109', '124'" (anexos da LRF e audiências públicas). REGRA 3: O conteúdo do campo deverá conter um MÊS ou ANO válido, o MÊS ou ANO será validado segundo o critério "CARGA ESPECIAL" (ver regra d).
DOCUMENTO_DIVERSO;3;DD_Numero;SIM;SIM;Caractere(16);Núm. do documento;;"99999999999/AAAA" (NRO/ANO);REGRA 1: O conteúdo do campo deverá conter um valor no formato "99999999999/AAAA" (NRO/ANO), o ANO será validado segundo o critério "= EXERCÍCIO" (ver regra d).
DOCUMENTO_DIVERSO;4;TDD_Codigo;NÃO;SIM;Inteiro;Cód. do tipo do documento;TI.TIPO_DOCUMENTO_DIVERSO;1...186;REGRA 1: O conteúdo do campo deverá estar preenchido com "1...186".
DOCUMENTO_DIVERSO;5;DD_TipoPeriodo;NÃO;COND;Inteiro;Tipo do período;;"1" para quadrimestral "2" para semestral;REGRA 1: O conteúdo do campo deverá estar preenchido com "1...2", quando o conteúdo do campo "TDD_Codigo" for "'108', '124'".
DOCUMENTO_DIVERSO;6;DD_NomeArqPDF;NÃO;SIM;Caractere(19);Nome do arquivo PDF;;;REGRA 1: A formatação do nome do arquivo PDF deverá estar de acordo com a regra "DD_AAAAMM_99999.PDF".
DOTACAO;1;ORG_Codigo;SIM;SIM;Caractere(2);Cód. do órgão;UNIDADE_ORCAMENTARIA;;
DOTACAO;2;UNOR_Codigo;SIM;SIM;Caractere(3);Cód. da unidade orçamentária;UNIDADE_ORCAMENTARIA;;
DOTACAO;3;FN_Codigo;SIM;SIM;Caractere(2);Cód. da função;TI.FUNCAO;01...28|77, 99;REGRA 1: O conteúdo do campo deverá estar preenchido com "01...28|'77', '99'".
DOTACAO;4;SFN_Codigo;SIM;SIM;Caractere(3);Cód. da subfunção;TI.SUBFUNCAO;;
DOTACAO;5;PRG_Codigo;SIM;SIM;Caractere(4);Cód. do programa;PROJETO_ATIVIDADE;;
DOTACAO;6;PRAT_Numero;SIM;SIM;Caractere(5);Núm. do projeto/ atividade;PROJETO_ATIVIDADE;;
DOTACAO;7;CTEC_Codigo;SIM;SIM;Caractere(1);Cód. da categoria econômica;TI.ESPECIFICACAO_DESPESA;1...4|9;REGRA 1: O conteúdo do campo deverá estar preenchido com "1...4|'9'".
DOTACAO;8;NDESP_Codigo;SIM;SIM;Caractere(1);Cód. do grupo da natureza de despesa;TI.ESPECIFICACAO_DESPESA;1...6|9;REGRA 1: O conteúdo do campo deverá estar preenchido com "1...6|'9'".
DOTACAO;9;MDAP_Codigo;SIM;SIM;Caractere(2);Cód. da modalidade de aplicação;TI.ESPECIFICACAO_DESPESA;20, 22, 30, 40, 42, 50, 60, 67, 70, 71, 72, 73, 74, 75, 76, 80, 90, 91, 92, 93, 94, 95, 96, 99;REGRA 1: O conteúdo do campo deverá estar preenchido com "'20', '22', '30', '40', '42', '50', '60', '67', '70', '71', '72', '73', '74', '75', '76', '80', '90', '91', '92', '93', '94', '95', '96', '99'".
DOTACAO;10;ELDE_Codigo;SIM;SIM;Caractere(2);Cód. do elemento de despesa;TI.ESPECIFICACAO_DESPESA;00, 01...99;REGRA 1: O conteúdo do campo deverá estar preenchido com "01...99", quando o conteúdo do campo "DOT_NivelDetalhamento" for diferente de "'1'", caso contrário deverá conter o valor "00" (zeros).
DOTACAO;11;SELDE_Codigo;SIM;SIM;Caractere(2);Cód. do subelemento de despesa;TI.SUBELEMENTO_DESPESA;00, 01...99;REGRA 1: O conteúdo do campo deverá estar preenchido com "01...99", quando o conteúdo do campo "DOT_NivelDetalhamento" for diferente de "'1', '2'", caso contrário deverá conter o valor "00" (zeros).
DOTACAO;12;DRGRP_Codigo;SIM;SIM;Caractere(1);Cód. do grupo da destinação de recurso;TI.DESTINACAO_RECURSO_GRUPO;1, 2, 9;REGRA 1: O conteúdo do campo deverá estar preenchido com "'1', '2', '9'".
DOTACAO;13;DRESP_Codigo;SIM;SIM;Caractere(3);Cód. da especificação da destinação de recurso;TI.DESTINACAO_RECURSO_ESPECIFIC;;
DOTACAO;14;DESTREC_Codigo;SIM;SIM;Caractere(7);Cód. da destinação de recurso;TI.DESTINACAO_RECURSO;;
DOTACAO;15;DOT_MesCriacao;NÃO;SIM;Caractere(2);Mês da criação;;"99" (NRO);REGRA 1: O conteúdo do campo deverá estar preenchido com "00...12". REGRA 2: O conteúdo do campo deverá conter um MÊS ou ANO válido, o MÊS ou ANO será validado segundo o critério "<= MÊS" (ver regra d).
DOTACAO;16;DOT_NivelDetalhamento;NÃO;SIM;Inteiro;Nível de detalhamento;TI.NIVEL_DETALHAMENTO_DOTACAO;1...3;REGRA 1: O conteúdo do campo deverá estar preenchido com "1...3".
DOTACAO;17;DOT_ValorOrcado;NÃO;SIM;Caractere(14,2);Valor orçado;;;REGRA 1: O conteúdo do campo deverá conter "0.00" (zero) para as dotações referentes aos créditos especiais e extraordinários e diferente de "0.00" (zero) para os demais casos.
DOTACAO;18;DOT_CodigoResumido;NÃO;SIM;Caractere(51);Cód. resumido da dotação;;;REGRA 1: O conteúdo do campo deverá conter a concatenação dos campos chaves da tabela "DOTACAO" até "DESTREC_Codigo". Favor observar a ORDEM dos campos. REGRA 2: O conteúdo do campo deverá conter um valor no formato "99.999.99.999.9999.99999.9.9.99.99.99.9.9.99.999999" (até 2021) ou "99.999.99.999.9999.99999.9.9.99.99.99.9.999.9999999" (a partir de 2022)
INICIATIVA_PROJETO_ATIVIDADE;1;INIC_Codigo;SIM;SIM;Caractere(4);Cód. da iniciativa;PLANO_ESTRATEGICO_INICIATIVA;;
INICIATIVA_PROJETO_ATIVIDADE;2;OBJ_Codigo;SIM;SIM;Caractere(4);Cód. do objetivo;PLANO_ESTRATEGICO_INICIATIVA;;
INICIATIVA_PROJETO_ATIVIDADE;3;PRAT_Numero;SIM;SIM;Caractere(5);Núm. do projeto/ atividade;PROJETO_ATIVIDADE;;
INICIATIVA_PROJETO_ATIVIDADE;4;PRG_Codigo;SIM;SIM;Caractere(4);Cód. do programa;PROJETO_ATIVIDADE;;
LANCAMENTO_CONTABIL_DIARIO_TCE;1;ECTCE_Codigo;SIM;SIM;Caractere(11);Cód. do elenco de contas;MOVIMENTO_CONTA_CONTABIL_TCEMT;;
LANCAMENTO_CONTABIL_DIARIO_TCE;2;MCC_Data;SIM;SIM;Caractere(10);Data da movimentação;MOVIMENTO_CONTA_CONTABIL_TCEMT;;REGRA 1: O conteúdo do campo deverá conter uma DATA válida, a DATA será validada segundo o critério "= DATA MOVIMENTO" (ver regra d).
LANCAMENTO_CONTABIL_DIARIO_TCE;3;TMC_Codigo;SIM;SIM;Caractere(1);Cód. do tipo do movimento contábil;MOVIMENTO_CONTA_CONTABIL_TCEMT;;REGRA 1: O conteúdo do campo deverá estar preenchido para as cargas das peças de planejamento e inicial com "'1'" e para as cargas mensais com "'2','3','4','6'".
LANCAMENTO_CONTABIL_DIARIO_TCE;4;LCDTCE_NumLancamento;SIM;SIM;Inteiro;Núm. do lançamento;;;REGRA 1: O conteúdo do campo deverá conter um número POSITIVO quando obrigatório.
LANCAMENTO_CONTABIL_DIARIO_TCE;5;LCDTCE_NumSequencial;SIM;SIM;Inteiro;Núm. sequencial do lançamento;;;REGRA 1: O conteúdo do campo deverá conter um número POSITIVO quando obrigatório.
LANCAMENTO_CONTABIL_DIARIO_TCE;6;LCDTCE_Historico;NÃO;SIM;Caractere(255);Descrição do evento que gerou o lançamento;;;
LANCAMENTO_CONTABIL_DIARIO_TCE;7;LCDTCE_ContaCorrente;NÃO;NÃO;Caractere(255);Conta corrente;;;
LANCAMENTO_CONTABIL_DIARIO_TCE;8;LCDTCE_ValorDebito;NÃO;SIM;Caractere(14,2);Valor do débito diário;;;REGRA 1: O conteúdo do campo deverá conter o número ZERO ou POSITIVO quando obrigatório.
LANCAMENTO_CONTABIL_DIARIO_TCE;9;LCDTCE_ValorCredito;NÃO;SIM;Caractere(14,2);Valor do crédito diário;;;REGRA 1: O conteúdo do campo deverá conter o número ZERO ou POSITIVO quando obrigatório.
LDO;1;PRAT_Numero;SIM;SIM;Caractere(5);Núm. do projeto/ atividade;PROJETO_ATIVIDADE;;
LDO;2;PRG_Codigo;SIM;SIM;Caractere(4);Cód. do programa;PROJETO_ATIVIDADE;;
LDO;3;FN_Codigo;SIM;SIM;Caractere(2);Cód. da função;TI.FUNCAO;01...28|77, 99;REGRA 1: O conteúdo do campo deverá estar preenchido com "01...28|'77', '99'".
LDO;4;SFN_Codigo;SIM;SIM;Caractere(3);Cód. da subfunção;TI.SUBFUNCAO;;
LDO;5;LEI_Numero;NÃO;SIM;Caractere(10);Núm. da LDO;LEI;"99999/AAAA" (NRO/ANO);REGRA 1: O conteúdo do campo deverá conter um valor no formato "99999/AAAA" (NRO/ANO), o ANO será validado segundo o critério "<= EXERCÍCIO" (ver regra d).
LDO;6;LDO_ValorMetaFisica;NÃO;SIM;Caractere(14,2);Valor da meta física;;;REGRA 1: O conteúdo do campo deverá conter "0.00" (zero) para as cargas mensais e diferente de "0.00" (zero) para a carga das Peças do Planejamento.
LDO;7;LDO_ValorMetaFinanceira;NÃO;SIM;Caractere(14,2);Valor da meta financeira;;;REGRA 1: O conteúdo do campo deverá conter "0.00" (zero) para as cargas mensais e diferente de "0.00" (zero) para a carga das Peças do Planejamento.
LDO_AMF_COMPENSACAO;1;LEI_Numero;SIM;SIM;Caractere(10);Núm. da LDO;LDO_AMF_RENUNCIA_REC_AUMEN_DES;"99999/AAAA" (NRO/ANO);REGRA 1: O conteúdo do campo deverá conter um valor no formato "99999/AAAA" (NRO/ANO), o ANO será validado segundo o critério "<= EXERCÍCIO" (ver regra d).
LDO_AMF_COMPENSACAO;2;LAMFRRAD_Tipo;SIM;SIM;Inteiro;Tipo da operação;LDO_AMF_RENUNCIA_REC_AUMEN_DES;1...2;REGRA 1: O conteúdo do campo deverá estar preenchido com "1...2".
LDO_AMF_COMPENSACAO;3;LAMFRRAD_NumSequencial;SIM;SIM;Inteiro;Núm. sequencial da renúncia da receita ou aumento da despesa;LDO_AMF_RENUNCIA_REC_AUMEN_DES;;REGRA 1: O conteúdo do campo deverá conter um número POSITIVO quando obrigatório.
LDO_AMF_COMPENSACAO;4;LAMFC_NumSequencial;SIM;SIM;Inteiro;Núm. sequencial compensação;;;REGRA 1: O conteúdo do campo deverá conter um número POSITIVO quando obrigatório.
LDO_AMF_COMPENSACAO;5;LAMFC_Descricao;NÃO;SIM;Caractere(255);Descrição da compensação;;;
LDO_AMF_COMPENSACAO;6;LAMFC_Valor;NÃO;SIM;Caractere(14,2);Valor da compensação;;;REGRA 1: O conteúdo do campo deverá conter um número POSITIVO quando obrigatório.
LDO_AMF_META_FISCAL;1;LEI_Numero;SIM;SIM;Caractere(10);Núm. da LDO;LEI;"99999/AAAA" (NRO/ANO);REGRA 1: O conteúdo do campo deverá conter um valor no formato "99999/AAAA" (NRO/ANO), o ANO será validado segundo o critério "<= EXERCÍCIO" (ver regra d).
LDO_AMF_META_FISCAL;2;TMF_Codigo;SIM;SIM;Inteiro;Cód. do tipo da meta fiscal;TI.TIPO_META_FISCAL;1...5;REGRA 1: O conteúdo do campo deverá estar preenchido com "1...5".
LDO_AMF_META_FISCAL;3;TVMF_Codigo;SIM;SIM;Inteiro;Cód. do tipo do valor da meta fiscal;TI.TIPO_VALOR_META_FISCAL;1...9;REGRA 1: O conteúdo do campo deverá estar preenchido com "1...9".
LDO_AMF_META_FISCAL;4;LAMF_Valor;NÃO;SIM;Caractere(14,2);Valor da meta fiscal;;;
LDO_AMF_RENUNCIA_REC_AUMEN_DES;1;LEI_Numero;SIM;SIM;Caractere(10);Núm. da LDO;LEI;"99999/AAAA" (NRO/ANO);REGRA 1: O conteúdo do campo deverá conter um valor no formato "99999/AAAA" (NRO/ANO), o ANO será validado segundo o critério "<= EXERCÍCIO" (ver regra d).
LDO_AMF_RENUNCIA_REC_AUMEN_DES;2;LAMFRRAD_Tipo;SIM;SIM;Inteiro;Tipo da operação;;"1" para renúncia de receita "2" para aumento de despesa obrigatória de caráter continuado;REGRA 1: O conteúdo do campo deverá estar preenchido com "1...2".
LDO_AMF_RENUNCIA_REC_AUMEN_DES;3;LAMFRRAD_NumSequencial;SIM;SIM;Inteiro;Núm. sequencial da renúncia da receita ou aumento da despesa;;;REGRA 1: O conteúdo do campo deverá conter um número POSITIVO quando obrigatório.
LDO_AMF_RENUNCIA_REC_AUMEN_DES;4;LAMFRRAD_Descricao;NÃO;SIM;Caractere(255);Descrição resumida da estimativa receita renunciada ou do aumento da despesa;;;
LDO_AMF_RENUNCIA_REC_AUMEN_DES;5;LAMFRRAD_Valor;NÃO;SIM;Caractere(14,2);Valor estimado da receita renunciada ou do aumento da despesa;;;REGRA 1: O conteúdo do campo deverá conter o número ZERO ou POSITIVO quando obrigatório.
LDO_ARF_PASSIVO_RISCOS;1;LEI_Numero;SIM;SIM;Caractere(10);Núm. da LDO;LEI;"99999/AAAA" (NRO/ANO);REGRA 1: O conteúdo do campo deverá conter um valor no formato "99999/AAAA" (NRO/ANO), o ANO será validado segundo o critério "<= EXERCÍCIO" (ver regra d).
LDO_ARF_PASSIVO_RISCOS;2;TPC_Codigo;SIM;SIM;Inteiro;Cód. do tipo do passivo contingente;TI.TIPO_PASSIVO_CONTINGENTE;1...11|99;REGRA 1: O conteúdo do campo deverá estar preenchido com "1...11|'99'".
LDO_ARF_PASSIVO_RISCOS;3;LARFPR_DescricaoPassivo;NÃO;SIM;Caractere(255);Descrição dos passivos contingentes e outros riscos;;;
LDO_ARF_PASSIVO_RISCOS;4;LARFPR_DescricaoProvidencias;NÃO;SIM;Caractere(255);Descrição das providencias;;;
LDO_ARF_PASSIVO_RISCOS;5;LARFPR_Valor;NÃO;SIM;Caractere(14,2);Valor dos passivos contingentes e outros riscos;;;REGRA 1: O conteúdo do campo deverá conter o número ZERO ou POSITIVO quando obrigatório.
LEI;1;LEI_Numero;SIM;SIM;Caractere(10);Núm. da lei;LEI;"99999/AAAA" (NRO/ANO);REGRA 1: O conteúdo do campo deverá conter um valor no formato "99999/AAAA" (NRO/ANO), o ANO será validado segundo o critério "<= EXERCÍCIO" (ver regra d).
LEI;2;LEI_EsferaOrigem;NÃO;SIM;Caractere(1);Tipo da esfera de governo da origem da lei;TI.TIPO_ESFERA_GOVERNO;1...3;REGRA 1: O conteúdo do campo deverá estar preenchido com "1...3".
LEI;3;LEI_Natureza;NÃO;COND;Inteiro;Natureza;TI.NATUREZA_LEI;1...31|33, 34, 35, 36, 37, 38, 39, 40, 41, 42, 43, 44, 45, 46, 47, 48, 49, 50, 51, 52, 53, 54, 55, 56, 57, 58, 59, 60, 61, 62, 63, 64, 65, 66, 67, 68, 69, 70, 71, 72, 73, 74, 75, 76, 77, 78, 79, 80, 81, 82, 83;REGRA 1: O conteúdo do campo deverá estar preenchido quando o conteúdo do campo "LEI_EsferaOrigem" for o mesmo da esfera de governo do fiscalizado.
LEI;4;LEI_Altera;NÃO;COND;Caractere(1);Esta lei altera uma anterior?;;"S" para sim "N" para não;REGRA 1: O conteúdo do campo deverá estar preenchido quando o conteúdo do campo "LEI_EsferaOrigem" for o mesmo da esfera de governo do fiscalizado.
LEI;5;LEI_DataAprovacao;NÃO;COND;Caractere(10);Data da aprovação;;;REGRA 1: O conteúdo do campo deverá estar preenchido quando o conteúdo do campo "LEI_EsferaOrigem" for o mesmo da esfera de governo do fiscalizado.
LEI;6;LEI_DataPublicacao;NÃO;COND;Caractere(10);Data da publicação;;;REGRA 1: O conteúdo do campo deverá estar preenchido quando o conteúdo do campo "LEI_EsferaOrigem" for o mesmo da esfera de governo do fiscalizado.
LEI;7;LEI_VeicComunicacao;NÃO;COND;Caractere(255);Local da publicação;;;REGRA 1: O conteúdo do campo deverá estar preenchido quando o conteúdo do campo "LEI_EsferaOrigem" for o mesmo da esfera de governo do fiscalizado.
LEI;8;LEI_NomeArqPDF;NÃO;COND;Caractere(20);Nome do arquivo PDF;;;REGRA 1: O conteúdo do campo deverá estar preenchido quando o conteúdo do campo "LEI_EsferaOrigem" for o mesmo da esfera de governo do fiscalizado. REGRA 2: A formatação do nome do arquivo PDF deverá estar de acordo com a regra "LEI_AAAAMM_99999.PDF".
LEI_ALTERADA;1;LEI_Numero;SIM;SIM;Caractere(10);Núm. da lei que está sendo revogada ou alterada;LEI;"99999/AAAA" (NRO/ANO);REGRA 1: O conteúdo do campo deverá conter um valor no formato "99999/AAAA" (NRO/ANO), o ANO será validado segundo o critério "<= EXERCÍCIO" (ver regra d).
LEI_ALTERADA;2;LEI_NumeroAltera;SIM;SIM;Caractere(10);Núm. da lei que revoga ou altera a anterior;LEI;"99999/AAAA" (NRO/ANO);REGRA 1: O conteúdo do campo deverá conter um valor no formato "99999/AAAA" (NRO/ANO), o ANO será validado segundo o critério "<= EXERCÍCIO" (ver regra d).
LEI_ALTERADA;3;LEI_Tipo;NÃO;SIM;Caractere(1);Tipo da lei;;"1" para revogada "2" para alterada;REGRA 1: O conteúdo do campo deverá estar preenchido com "1...2".
LOA;1;LOA_AnoExercicio;SIM;SIM;Caractere(4);Exercício da LOA;;"9999" (NRO);REGRA 1: O conteúdo do campo deverá conter um MÊS ou ANO válido, o MÊS ou ANO será validado segundo o critério "= EXERCÍCIO" (ver regra d).
LOA;2;LEI_Numero;NÃO;SIM;Caractere(10);Núm. da LOA;LEI;"99999/AAAA" (NRO/ANO);REGRA 1: O conteúdo do campo deverá conter um valor no formato "99999/AAAA" (NRO/ANO), o ANO será validado segundo o critério "<= EXERCÍCIO" (ver regra d).
LOA;3;LOA_PercARo;NÃO;SIM;Caractere(3,2);Percentual do ARO;;"999.99" (NRO);REGRA 1: O conteúdo do campo deverá conter o número ZERO ou POSITIVO quando obrigatório e não poderá ser maior que "999.99".
LOA;4;LOA_PercCredSup;NÃO;SIM;Caractere(3,2);Percentual do crédito suplementar;;"999.99" (NRO);REGRA 1: O conteúdo do campo deverá conter o número ZERO ou POSITIVO quando obrigatório e não poderá ser maior que "999.99".
LOA;5;LOA_TotalDespesa;NÃO;NÃO;Caractere(14,2);Total de despesa fixada;;;REGRA 1: O conteúdo do campo deverá conter um número POSITIVO quando obrigatório.
LOA;6;LOA_TotalReceita;NÃO;NÃO;Caractere(14,2);Total de receita prevista;;;REGRA 1: O conteúdo do campo deverá conter um número POSITIVO quando obrigatório.
LOA_UG_DETALHE;1;LOA_AnoExercicio;SIM;SIM;Caractere(4);Exercício da LOA;LOA;"9999" (NRO);REGRA 1: O conteúdo do campo deverá conter um MÊS ou ANO válido, o MÊS ou ANO será validado segundo o critério "= EXERCÍCIO" (ver regra d).
LOA_UG_DETALHE;2;UG_Codigo;SIM;SIM;Caractere(7);Cód. da Unidade Gestora;TI.UG;;
LOA_UG_DETALHE;3;ORCINI_ValorDespesa;NÃO;SIM;Caractere(14,2);Valor da despesa fixada;;;REGRA 1: O conteúdo do campo deverá conter um número POSITIVO quando obrigatório.
LOA_UG_DETALHE;4;ORCINI_ValorReceita;NÃO;SIM;Caractere(14,2);Valor da receita prevista;;;REGRA 1: O conteúdo do campo deverá conter o número ZERO ou POSITIVO quando obrigatório.
LRF_ESTIMATIVA_IMPACTO;1;LRFEI_NumSequencial;SIM;SIM;Inteiro;Núm. sequencial da estimativa de impacto orçamentário-financeiro;;;REGRA 1: O conteúdo do campo deverá conter um número POSITIVO quando obrigatório.
LRF_ESTIMATIVA_IMPACTO;2;TIMPLRF_Codigo;NÃO;SIM;Inteiro;Cód. do tipo do impacto;TI.TIPO_IMPACTO_LRF;1...4|10;REGRA 1: O conteúdo do campo deverá estar preenchido com "1...4|10".
LRF_ESTIMATIVA_IMPACTO;3;LRFEI_Data;NÃO;SIM;Caractere(10);Data da realização/ conclusão da estimativa de impacto;;;REGRA 1: O conteúdo do campo deverá conter uma DATA válida, a DATA será validada segundo o critério "<= DATA ATUAL" (ver regra d).
LRF_ESTIMATIVA_IMPACTO;4;LRFEI_Ato;NÃO;SIM;Caractere(255);Ato administrativo;;;
LRF_ESTIMATIVA_IMPACTO;5;LRFEI_ExisteDeclaracao;NÃO;SIM;Caractere(1);Existe declaração do ordenador da despesa?;;"S" para sim "N" para não;REGRA 1: O conteúdo do campo deverá estar preenchido com "'S', 'N'".
LRF_ESTIMATIVA_IMPACTO;6;LRFEI_NomeArqPDF;NÃO;SIM;Caractere(22);Nome do arquivo PDF;;;REGRA 1: A formatação do nome do arquivo PDF deverá estar de acordo com a regra "LRFEI_AAAAMM_99999.PDF".
MOVIMENTO_CONTA_CONTABIL_TCEMT;1;ECTCE_Codigo;SIM;SIM;Caractere(11);Cód. do elenco de contas;TI.ELENCO_CONTAS_TCEMT;;
MOVIMENTO_CONTA_CONTABIL_TCEMT;2;TMC_Codigo;SIM;SIM;Caractere(1);Cód. do tipo do movimento contábil;TI.TIPO_MOVIMENTO_CONTA_CONTABIL;;REGRA 1: O conteúdo do campo deverá estar preenchido para as cargas das peças de planejamento e inicial com "'1'" e para as cargas mensais com "'2','3','4','6'".
MOVIMENTO_CONTA_CONTABIL_TCEMT;3;MCC_Data;SIM;SIM;Caractere(10);Data da movimentação;;;REGRA 1: O conteúdo do campo deverá conter uma DATA válida, a DATA será validada segundo o critério "= DATA MOVIMENTO" (ver regra d).
MOVIMENTO_CONTA_CONTABIL_TCEMT;4;MCC_ValorDebito;NÃO;SIM;Caractere(14,2);Valor do débito;;;REGRA 1: O conteúdo do campo deverá conter o número ZERO ou POSITIVO quando obrigatório.
MOVIMENTO_CONTA_CONTABIL_TCEMT;5;MCC_ValorCredito;NÃO;SIM;Caractere(14,2);Valor do crédito;;;REGRA 1: O conteúdo do campo deverá conter o número ZERO ou POSITIVO quando obrigatório.
ORGAO;1;ORG_Codigo;SIM;SIM;Caractere(2);Cód. do órgão;;;
ORGAO;2;ORG_Nome;NÃO;SIM;Caractere(120);Nome;;;REGRA 1: O conteúdo do campo deverá estar preenchido com "RESERVA DE CONTINGENCIA" quando o conteúdo do campo "ORG_Codigo" for um dos valores "99".
ORGAO_TIPO;1;ORG_Codigo;SIM;SIM;Caractere(2);Cód. do órgão;ORGAO;;
ORGAO_TIPO;2;ORG_Tipo;SIM;SIM;Inteiro;Tipo do órgão;TI.TIPO_ORGAO;1...39;REGRA 1: O conteúdo do campo deverá estar preenchido com "1...39".
PESSOAL;1;PESS_Matricula;SIM;SIM;Caractere(10);Núm. da matrícula do servidor;;"9999999999" (NRO);REGRA 1: O conteúdo do campo não deverá conter espaços em branco (" ") quando obrigatório.
PESSOAL;2;PESS_Nome;NÃO;SIM;Caractere(60);Nome;;;REGRA 1: O conteúdo do campo não deverá conter palavras como "SEM INFORMACAO", "NAO USAR", etc., e suas variações com acentuação.
PESSOAL;3;PESS_CPF;NÃO;SIM;Caractere(14);CPF;;"999.999.999-99";REGRA 1: O conteúdo do campo deverá conter um número de CPF ("999.999.999-99") válido.
PESSOAL;4;PESS_DataNascimento;NÃO;SIM;Caractere(10);Data de nascimento;;;REGRA 1: O conteúdo do campo deverá conter uma DATA válida, a DATA será validada segundo o critério "<= DATA ATUAL" (ver regra d).
PESSOAL;5;PESS_Sexo;NÃO;SIM;Caractere(1);Sexo;;"1" para masculino "2" para feminino;REGRA 1: O conteúdo do campo deverá estar preenchido com "1...2".
PESSOAL;6;PESS_EstadoCivil;NÃO;SIM;Caractere(1);Estado civil;TI.ESTADO_CIVIL;1...6;REGRA 1: O conteúdo do campo deverá estar preenchido com "1...6".
PESSOAL;7;PESS_NomeConjuge;NÃO;COND;Caractere(60);Nome do(a) cônjuge;;;REGRA 1: O conteúdo do campo deverá estar preenchido quando o conteúdo do campo "PESS_EstadoCivil" for "'2', '6'".
PESSOAL;8;PESS_CPFConjuge;NÃO;COND;Caractere(14);CPF do(a) cônjuge;;"999.999.999-99";REGRA 1: O conteúdo do campo deverá estar preenchido se o conteúdo do campo "PESS_EstadoCivil" for "'2', '6'". REGRA 2: O conteúdo do campo deverá conter um número de CPF ("999.999.999-99") válido.
PESSOAL;9;PESS_NomeMae;NÃO;SIM;Caractere(60);Nome da mãe;;;REGRA 1: O conteúdo do campo não deverá conter palavras como "SEM INFORMACAO", "NAO USAR", etc., e suas variações com acentuação.
PESSOAL;10;PESS_CPFMae;NÃO;COND;Caractere(14);CPF da mãe;;"999.999.999-99";REGRA 1: O conteúdo do campo deverá conter um número de CPF ("999.999.999-99") válido.
PESSOAL;11;PESS_NomePai;NÃO;COND;Caractere(60);Nome do pai;;;
PESSOAL;12;PESS_CPFPai;NÃO;COND;Caractere(14);CPF do pai;;"999.999.999-99";REGRA 1: O conteúdo do campo deverá conter um número de CPF ("999.999.999-99") válido caso o conteúdo do campo "PESS_NomePai" seja diferente de "NÃO CONSTA".
PESSOAL;13;TESC_Codigo;NÃO;SIM;Inteiro;Cód. do tipo da escolaridade;TI.TIPO_ESCOLARIDADE;1...8;REGRA 1: O conteúdo do campo deverá estar preenchido com "1...8".
PESSOAL;14;PESS_NumeroPISPASEP;NÃO;SIM;Caractere(14);Núm. do PIS/PASEP;;;
PESSOAL;15;PESS_PNE;NÃO;SIM;Caractere(1);É pessoa com deficiência (PCD)?;;"S" para sim "N" para não;REGRA 1: O conteúdo do campo deverá estar preenchido com "'S', 'N'".
PESSOAL;16;PESS_CelFone;NÃO;NÃO;Caractere(20);Núm. do celular;;;REGRA 1: O conteúdo do campo deverá conter um número de TELEFONE ou CELULAR válido nos formatos "(99)9999-9999", "(999)9999-9999", "(99)99999-9999", ou "(999)99999-9999".
PESSOAL;17;PESS_Email;NÃO;NÃO;Caractere(70);E-mail;;;REGRA 1: O conteúdo do campo deverá conter um e-mail válido, se o campo for opcional, deixar vazio, se houver mais de um e-mail separar por "/" (barra).
PLANO_ESTRAT_INDIC_INIC;1;PRG_Codigo;SIM;SIM;Caractere(4);Cód. do programa;PLANO_ESTRATEGICO_INDICADOR;;
PLANO_ESTRAT_INDIC_INIC;2;IND_Codigo;SIM;SIM;Caractere(4);Cód. do indicador;PLANO_ESTRATEGICO_INDICADOR;;
PLANO_ESTRAT_INDIC_INIC;3;OBJ_Codigo;SIM;SIM;Caractere(4);Cód. do objetivo;PLANO_ESTRATEGICO_INICIATIVA;;
PLANO_ESTRAT_INDIC_INIC;4;INIC_Codigo;SIM;SIM;Caractere(4);Cód. da iniciativa;PLANO_ESTRATEGICO_INICIATIVA;;
PLANO_ESTRAT_OBJET_ORGAO;1;OBJ_Codigo;SIM;SIM;Caractere(4);Cód. do objetivo;PLANO_ESTRATEGICO_OBJETIVO;;
PLANO_ESTRAT_OBJET_ORGAO;2;ORG_Codigo;SIM;SIM;Caractere(2);Cód. do órgão responsável pelo objetivo;ORGAO;;
PLANO_ESTRATEGICO_INDICADOR;1;PRG_Codigo;SIM;SIM;Caractere(4);Cód. do programa;PROGRAMA;;
PLANO_ESTRATEGICO_INDICADOR;2;IND_Codigo;SIM;SIM;Caractere(4);Cód. do indicador;;;
PLANO_ESTRATEGICO_INDICADOR;3;IND_Descricao;NÃO;SIM;Caractere(255);Descrição;;;
PLANO_ESTRATEGICO_INDICADOR;4;IND_IndiceInicial;NÃO;SIM;Caractere(14,2);Índice inicial;;;REGRA 1: O conteúdo do campo deverá conter o número ZERO ou POSITIVO quando obrigatório.
PLANO_ESTRATEGICO_INDICADOR;5;IND_IndiceDesejado;NÃO;SIM;Caractere(14,2);Índice desejado;;;REGRA 1: O conteúdo do campo deverá conter o número ZERO ou POSITIVO quando obrigatório.
PLANO_ESTRATEGICO_INDICADOR;6;IND_UnidadeMedida;NÃO;SIM;Caractere(60);Unidade de medida;;;
PLANO_ESTRATEGICO_INICIATIVA;1;OBJ_Codigo;SIM;SIM;Caractere(4);Cód. do objetivo;PLANO_ESTRATEGICO_OBJETIVO;;
PLANO_ESTRATEGICO_INICIATIVA;2;INIC_Codigo;SIM;SIM;Caractere(4);Cód. da iniciativa;;;
PLANO_ESTRATEGICO_INICIATIVA;3;INIC_Descricao;NÃO;SIM;Caractere(255);Descrição;;;
PLANO_ESTRATEGICO_INICIATIVA;4;PESS_Matricula;NÃO;NÃO;Caractere(10);Núm. da matrícula do responsável pela iniciativa;PESSOAL;"9999999999" (NRO);REGRA 1: O conteúdo do campo não deverá conter espaços em branco (" ") quando obrigatório.
PLANO_ESTRATEGICO_META;1;OBJ_Codigo;SIM;SIM;Caractere(4);Cód. do objetivo;PLANO_ESTRATEGICO_OBJETIVO;;
PLANO_ESTRATEGICO_META;2;META_Codigo;SIM;SIM;Caractere(4);Cód. da meta;;;
PLANO_ESTRATEGICO_META;3;META_Descricao;NÃO;SIM;Caractere(255);Descrição;;;
PLANO_ESTRATEGICO_META;4;META_DataFinal;NÃO;SIM;Caractere(10);Data do término;;;
PLANO_ESTRATEGICO_META;5;META_Quantidade;NÃO;SIM;Caractere(14,2);Quantidade;;;REGRA 1: O conteúdo do campo deverá conter o número ZERO ou POSITIVO quando obrigatório.
PLANO_ESTRATEGICO_META;6;META_UnidadeMedida;NÃO;SIM;Caractere(60);Unidade de medida;;;
PLANO_ESTRATEGICO_META;7;PESS_Matricula;NÃO;NÃO;Caractere(10);Núm. da matrícula do responsável pela meta;PESSOAL;"9999999999" (NRO);REGRA 1: O conteúdo do campo não deverá conter espaços em branco (" ") quando obrigatório.
PLANO_ESTRATEGICO_OBJETIVO;1;OBJ_Codigo;SIM;SIM;Caractere(4);Cód. do objetivo;;;
PLANO_ESTRATEGICO_OBJETIVO;2;PRG_Codigo;NÃO;SIM;Caractere(4);Cód. do programa;PROGRAMA;;
PLANO_ESTRATEGICO_OBJETIVO;3;OBJ_Descricao;NÃO;SIM;Caractere(255);Descrição;;;
PLANO_ESTRATEGICO_PPA;1;LEI_Numero;SIM;SIM;Caractere(10);Núm. da lei do PPA;LEI;"99999/AAAA" (NRO/ANO);REGRA 1: O conteúdo do campo deverá conter um valor no formato "99999/AAAA" (NRO/ANO), o ANO será validado segundo o critério "<= EXERCÍCIO" (ver regra d).
PLANO_ESTRATEGICO_PPA;2;PLNEPPA_Tipo;NÃO;SIM;Inteiro;Tipo de elaboração;;"1" para PPA elaborado no modelo antigo "2" para PPA elaborado no modelo novo;REGRA 1: O conteúdo do campo deverá estar preenchido com "1...2".
PPA;1;FN_Codigo;SIM;SIM;Caractere(2);Cód. da função;TI.FUNCAO;01...28|77, 99;REGRA 1: O conteúdo do campo deverá estar preenchido com "01...28|'77', '99'".
PPA;2;SFN_Codigo;SIM;SIM;Caractere(3);Cód. da subfunção;TI.SUBFUNCAO;;
PPA;3;PRG_Codigo;SIM;SIM;Caractere(4);Cód. do programa;PROJETO_ATIVIDADE;;
PPA;4;PRAT_Numero;SIM;SIM;Caractere(5);Núm. do projeto/ atividade;PROJETO_ATIVIDADE;;
PPA;5;PPA_Exercicio;SIM;SIM;Caractere(4);Exercício do PPA;;"9999" (NRO);REGRA 1: O conteúdo do campo deverá conter o ano em que o PPA entrou em vigor.
PPA;6;LEI_Numero;NÃO;SIM;Caractere(10);Núm. da lei do PPA;LEI;"99999/AAAA" (NRO/ANO);REGRA 1: O conteúdo do campo deverá conter um valor no formato "99999/AAAA" (NRO/ANO), o ANO será validado segundo o critério "<= EXERCÍCIO" (ver regra d).
PPA;7;PPA_ValorMetaFisica;NÃO;SIM;Caractere(14,2);Valor da meta física;;;REGRA 1: O conteúdo do campo deverá conter "0.00" (zero) para as cargas mensais e diferente de "0.00" (zero) para a carga das Peças do Planejamento.
PPA;8;PPA_ValorMetaFinanceira;NÃO;SIM;Caractere(14,2);Valor da meta financeira;;;REGRA 1: O conteúdo do campo deverá conter "0.00" (zero) para as cargas mensais e diferente de "0.00" (zero) para a carga das Peças do Planejamento.
PREVISAO_RECEITA;1;DRGRP_Codigo;SIM;SIM;Caractere(1);Cód. do grupo da destinação de recurso;TI.DESTINACAO_RECURSO_GRUPO;1, 2, 9;REGRA 1: O conteúdo do campo deverá estar preenchido com "'1', '2', '9'".
PREVISAO_RECEITA;2;DRESP_Codigo;SIM;SIM;Caractere(3);Cód. da especificação da destinação de recurso;TI.DESTINACAO_RECURSO_ESPECIFIC;;
PREVISAO_RECEITA;3;DESTREC_Codigo;SIM;SIM;Caractere(7);Cód. da destinação de recurso;TI.DESTINACAO_RECURSO;;
PREVISAO_RECEITA;4;ESPRC_Codigo;SIM;SIM;Caractere(23);Cód. da especificação da receita;TI.ESPECIFICACAO_RECEITA;"9.9.9.9.99.9.9.99.99.99" (NRO);REGRA 1: O conteúdo do campo deverá conter o/um dos seguinte(s) formato(s): 9.9.9.9.99.9.9.99.99.99.
PREVISAO_RECEITA;5;TOPR_Codigo;SIM;SIM;Caractere(2);Cód. do tipo de operação da receita;TI.TIPO_OPERACAO_RECEITA;00...05|10, 11, 19, 99;REGRA 1: O conteúdo do campo deverá estar preenchido com "00...05|'10', '11', '19', '99'".
PREVISAO_RECEITA;6;PVRC_MesReferencia;SIM;SIM;Caractere(2);Mês de referência;;"99" (NRO);REGRA 1: O conteúdo do campo deverá estar preenchido com "00...12". REGRA 2: O conteúdo do campo deverá conter um MÊS ou ANO válido, o MÊS ou ANO será validado segundo o critério "<= MÊS" (ver regra d).
PREVISAO_RECEITA;7;PVRC_TipoPrevisao;NÃO;SIM;Inteiro;Tipo da previsão;TI.TIPO_PREVISAO_RECEITA;1...3;REGRA 1: O conteúdo do campo deverá estar preenchido com "1...3". REGRA 2: O conteúdo do campo deverá conter "1" para a carga das Peças do Planejamento e "2" ou "3" para as cargas mensais.
PREVISAO_RECEITA;8;PVRC_Valor;NÃO;SIM;Caractere(14,2);Valor da previsão;;;REGRA 1: O conteúdo do campo deverá conter o número ZERO ou POSITIVO quando obrigatório.
PRODUTO_UNIDADE_MEDIDA;1;PRUM_Codigo;SIM;SIM;Caractere(10);Cód. do produto;;;
PRODUTO_UNIDADE_MEDIDA;2;PRUM_DescricaoProduto;NÃO;SIM;Caractere(255);Descrição do produto;;;
PRODUTO_UNIDADE_MEDIDA;3;UNMED_Codigo;NÃO;SIM;Caractere(2);Cód. da unidade de medida;TI.UNIDADE_MEDIDA;01...28|99;REGRA 1: O conteúdo do campo deverá estar preenchido com "01...28|'99'".
PROGRAMA;1;PRG_Codigo;SIM;SIM;Caractere(4);Cód. do programa;;;
PROGRAMA;2;LEI_Numero;NÃO;SIM;Caractere(10);Núm. da lei do PPA;PLANO_ESTRATEGICO_PPA;"99999/AAAA" (NRO/ANO);REGRA 1: O conteúdo do campo deverá conter um valor no formato "99999/AAAA" (NRO/ANO), o ANO será validado segundo o critério "<= EXERCÍCIO" (ver regra d).
PROGRAMA;3;TPRG_Codigo;NÃO;COND;Inteiro;Cód. do tipo;TI.TIPO_PROGRAMA;1...2;REGRA 1: O conteúdo do campo deverá estar preenchido com "1...2".
PROGRAMA;4;PRG_Descricao;NÃO;SIM;Caractere(120);Descrição;;;REGRA 1: O conteúdo do campo deverá estar preenchido com "RESERVA DE CONTINGENCIA" quando o conteúdo do campo "PRG_Codigo" for um dos valores "9999".
PROGRAMA;5;PRG_Objetivo;NÃO;COND;Caractere(255);Objetivo;;;
PROGRAMA;6;PRG_ValorFinanceiro;NÃO;SIM;Caractere(14,2);Valor;;;REGRA 1: O conteúdo do campo deverá conter o número ZERO ou POSITIVO quando obrigatório.
PROGRAMA_CATEGORIA_ECONOMICA;1;PRG_Codigo;SIM;SIM;Caractere(4);Cód. do programa;PROGRAMA;;
PROGRAMA_CATEGORIA_ECONOMICA;2;CTEC_Codigo;SIM;SIM;Caractere(1);Cód. da categoria econômica;TI.CATEGORIA_ECONOMICA;1...4|9;REGRA 1: O conteúdo do campo deverá estar preenchido com "1...4|'9'".
PROGRAMA_CATEGORIA_ECONOMICA;3;PRGCTEC_AnoReferenciaInicio;NÃO;SIM;Caractere(4);Ano inicial de referência;;"9999" (NRO);REGRA 1: O conteúdo do campo deverá conter um número POSITIVO quando obrigatório.
PROGRAMA_CATEGORIA_ECONOMICA;4;PRGCTEC_AnoReferenciaFim;NÃO;SIM;Caractere(4);Ano final de referência;;"9999" (NRO);REGRA 1: O conteúdo do campo deverá conter um valor MAIOR ou IGUAL ao conteúdo do campo "PRGCTEC_AnoReferenciaInicio". REGRA 2: O conteúdo do campo deverá conter um número POSITIVO quando obrigatório.
PROGRAMA_CATEGORIA_ECONOMICA;5;PRGCTEC_Valor;NÃO;SIM;Caractere(14,2);Valor definido para o período;;;REGRA 1: O conteúdo do campo deverá conter um número POSITIVO quando obrigatório.
PROJETO_ATIVIDADE;1;PRG_Codigo;SIM;SIM;Caractere(4);Cód. do programa;PROGRAMA;;
PROJETO_ATIVIDADE;2;PRAT_Numero;SIM;SIM;Caractere(5);Núm. do projeto/ atividade;;;REGRA 1: O conteúdo do campo deverá estar preenchido com "09999,99999" quando o conteúdo do campo "PRG_Codigo" for igual a "9999". REGRA 2: O 1º dígito do campo "PRAT_Numero" deverá ser igual a "0 ou 9" para "TPRAT_Codigo" igual a "9".
PROJETO_ATIVIDADE;3;ORG_Codigo;NÃO;SIM;Caractere(2);Cód. do órgão;ORGAO;;
PROJETO_ATIVIDADE;4;TPRAT_Codigo;NÃO;SIM;Caractere(1);Cód. do tipo do projeto/ atividade;TI.TIPO_PROJETO_ATIVIDADE;1...2|9;REGRA 1: O conteúdo do campo deverá estar preenchido com "1...2|'9'".
PROJETO_ATIVIDADE;5;PRUM_Codigo;NÃO;SIM;Caractere(10);Cód. do produto;PRODUTO_UNIDADE_MEDIDA;;
PROJETO_ATIVIDADE;6;PRAT_Descricao;NÃO;SIM;Caractere(120);Descrição do projeto/ atividade;;;REGRA 1: O conteúdo do campo deverá estar preenchido com "RESERVA DE CONTINGENCIA" quando o conteúdo do campo "PRAT_Numero" for um dos valores "'09999','99999'".
PROJETO_ATIVIDADE;7;PRAT_Objetivo;NÃO;SIM;Caractere(255);Objetivo do projeto/ atividade;;;
TRANSFERENCIA_FINANCEIRA_PRVST;1;TRFPREV_Cod_Entidade;SIM;SIM;Caractere(7);Cód. da Unidade Gestora beneficiária/ concedente;TI.UG;;REGRA 1: O conteúdo do campo deverá conter um código de Unidade Gestora diferente do código do fiscalizado.
TRANSFERENCIA_FINANCEIRA_PRVST;2;TTRF_Tipo;SIM;SIM;Caractere(1);Tipo;TI.TIPO_TRANSFERENCIA_FINANCEIRA;1...4;REGRA 1: O conteúdo do campo deverá estar preenchido com "1...4".
TRANSFERENCIA_FINANCEIRA_PRVST;3;TRFPREV_Valor;NÃO;SIM;Caractere(14,2);Valor;;;REGRA 1: O conteúdo do campo deverá conter um número POSITIVO quando obrigatório.
UNIDADE_ORCAMENTARIA;1;ORG_Codigo;SIM;SIM;Caractere(2);Cód. do órgão;ORGAO;;
UNIDADE_ORCAMENTARIA;2;UNOR_Codigo;SIM;SIM;Caractere(3);Cód. da unidade orçamentária;;;
UNIDADE_ORCAMENTARIA;3;UNOR_Nome;NÃO;SIM;Caractere(120);Nome;;;REGRA 1: O conteúdo do campo deverá estar preenchido com "RESERVA DE CONTINGENCIA" quando o conteúdo do campo "UNOR_Codigo" for um dos valores "999".
UNIDADE_ORCAMENTARIA;4;LEI_Numero;NÃO;SIM;Caractere(10);Núm. da lei de criação;LEI;"99999/AAAA" (NRO/ANO);REGRA 1: O conteúdo do campo deverá conter um valor no formato "99999/AAAA" (NRO/ANO), o ANO será validado segundo o critério "<= EXERCÍCIO" (ver regra d).
